student,19.00
communication,20.00
aalto university,16.00
volunteer,23.00
fallup,1.00
slush,-1.00
engineering,10.00
software developer,3.00
react,-1.00
node,4.00
python,6.00
mysql,-1.00
bachelor of science,5.00
css,8.00
html,6.00
javascript,10.00
information networks,10.00
scala,8.00
high school,4.00
leadership,-2.00
multi-cultural,-1.00
swedish,-7.00
guild,-5.00
unix,6.00
linux,1.00
junior developer,4.00
marketing,1.00
team,9.00
social,-10.00
jquery,-4.00
web developer,4.00
developer,1.00
software,-2.00
business,1.00
devops,1.00
3D animator,1.00
3D modeller,1.00
3D printing technician,1.00
ATM repair technician,1.00
Freinet school teacher,1.00
ICT accessibility tester,1.00
ICT account manager,1.00
ICT application configurator,1.00
ICT application developer,1.00
ICT auditor manager,1.00
ICT business analysis manager,1.00
ICT business analyst,1.00
ICT business development manager,1.00
ICT buyer,1.00
ICT capacity planner,1.00
ICT consultant,1.00
ICT disaster recovery analyst,1.00
ICT documentation manager,1.00
ICT environmental manager,1.00
ICT help desk agent,1.00
ICT help desk manager,1.00
ICT information and knowledge manager,1.00
ICT integration tester,1.00
ICT intelligent systems designer,1.00
ICT network administrator,1.00
ICT network architect,1.00
ICT network engineer,1.00
ICT network technician,1.00
ICT operations manager,1.00
ICT presales engineer,1.00
ICT product manager,1.00
ICT project manager,1.00
ICT quality assurance manager,1.00
ICT research consultant,1.00
ICT research manager,1.00
ICT resilience manager,1.00
ICT security administrator,1.00
ICT security consultant,1.00
ICT security manager,1.00
ICT security technician,1.00
ICT system administrator,1.00
ICT system analyst,1.00
ICT system architect,1.00
ICT system developer,1.00
ICT system integration consultant,1.00
ICT system tester,1.00
ICT teacher secondary school,1.00
ICT technician,1.00
ICT test analyst,1.00
ICT trainer,1.00
ICT usability tester,1.00
ICT vendor relationship manager,1.00
IT auditor,1.00
Montessori school teacher,1.00
Pilates teacher,1.00
Steiner school teacher,1.00
Vbelt builder,1.00
Vbelt coverer,1.00
Vbelt finisher,1.00
abrasive blasting operator,1.00
absorbent pad machine operator,1.00
academic advisor,1.00
academic support officer,1.00
accommodation manager,1.00
accountant,1.00
accounting analyst,1.00
accounting assistant,1.00
accounting manager,1.00
acoustical engineer,1.00
activism officer,1.00
activity leader,1.00
actoractress,1.00
actuarial assistant,1.00
actuarial consultant,1.00
acupuncturist,1.00
administrative assistant,1.00
admissions coordinator,1.00
adult community care worker,1.00
adult literacy teacher,1.00
advanced nurse practitioner,1.00
advanced physiotherapist,1.00
advertising assistant,1.00
advertising copywriter,1.00
advertising installer,1.00
advertising manager,1.00
advertising media buyer,1.00
advertising media planner,1.00
advertising sales agent,1.00
advertising specialist,1.00
aerodynamics engineer,1.00
aeronautical information service officer,1.00
aeronautical information specialist,1.00
aerospace engineer,1.00
aerospace engineering drafter,1.00
aerospace engineering technician,1.00
aesthetician,1.00
aftersales service technician,1.00
agricultural engineer,1.00
agricultural equipment design engineer,1.00
agricultural inspector,1.00
agricultural machinery and equipment distribution manager,1.00
agricultural machinery technician,1.00
agricultural policy officer,1.00
agricultural raw materials seeds and animal feeds distribution manager,1.00
agricultural scientist,1.00
agricultural technician,1.00
agriculture forestry and fishery vocational teacher,1.00
agronomic crop production team leader,1.00
agronomist,1.00
air force officer,1.00
air force pilot,1.00
air pollution analyst,1.00
air separation plant operator,1.00
air traffic controller,1.00
air traffic instructor,1.00
air traffic manager,1.00
air traffic safety technician,1.00
aircraft assembler,1.00
aircraft assembly inspector,1.00
aircraft assembly supervisor,1.00
aircraft cargo operations coordinator,1.00
aircraft deicer installer,1.00
aircraft dispatcher,1.00
aircraft engine assembler,1.00
aircraft engine inspector,1.00
aircraft engine specialist,1.00
aircraft engine tester,1.00
aircraft fuel system operator,1.00
aircraft gas turbine engine overhaul technician,1.00
aircraft groomer,1.00
aircraft interior technician,1.00
aircraft maintenance coordinator,1.00
aircraft maintenance engineer,1.00
aircraft maintenance technician,1.00
aircraft marshaller,1.00
aircraft pilot,1.00
airline food service worker,1.00
airline transport pilot,1.00
airport baggage handler,1.00
airport chief executive,1.00
airport director,1.00
airport environment officer,1.00
airport maintenance technician,1.00
airport operations officer,1.00
airport planning engineer,1.00
airport security officer,1.00
airside safety manager,1.00
airspace manager,1.00
alternative animal therapist,1.00
ambassador,1.00
ammunition assembler,1.00
ammunition shop manager,1.00
ammunition specialised seller,1.00
amusement and recreation attendant,1.00
amusement park cleaner,1.00
anaesthetic technician,1.00
analytical chemist,1.00
anatomical pathology technician,1.00
animal artificial insemination technician,1.00
animal assisted therapist,1.00
animal behaviourist,1.00
animal care attendant,1.00
animal chiropractor,1.00
animal embryo transfer technician,1.00
animal facility manager,1.00
animal feed nutritionist,1.00
animal feed operator,1.00
animal feed supervisor,1.00
animal groomer,1.00
animal handler,1.00
animal hydrotherapist,1.00
animal massage therapist,1.00
animal osteopath,1.00
animal physiotherapist,1.00
animal shelter worker,1.00
animal therapist,1.00
animal trainer,1.00
animal welfare inspector,1.00
animation director,1.00
animation layout artist,1.00
animator,1.00
anodising machine operator,1.00
anthropologist,1.00
anthropology lecturer,1.00
antique furniture reproducer,1.00
antique shop manager,1.00
application engineer,1.00
aquaculture biologist,1.00
aquaculture cage mooring worker,1.00
aquaculture cage technician,1.00
aquaculture environmental analyst,1.00
aquaculture harvesting manager,1.00
aquaculture harvesting technician,1.00
aquaculture harvesting worker,1.00
aquaculture hatchery manager,1.00
aquaculture hatchery technician,1.00
aquaculture hatchery worker,1.00
aquaculture husbandry manager,1.00
aquaculture husbandry technician,1.00
aquaculture husbandry worker,1.00
aquaculture mooring manager,1.00
aquaculture production manager,1.00
aquaculture quality supervisor,1.00
aquaculture rearing technician,1.00
aquaculture recirculation manager,1.00
aquaculture recirculation technician,1.00
aquaculture site supervisor,1.00
aquatic animal health professional,1.00
arboriculturist,1.00
archaeologist,1.00
archaeology lecturer,1.00
architect,-2.00
architectural drafter,1.00
architecture lecturer,1.00
archive manager,1.00
archivist,1.00
armed forces officer,1.00
armed forces training and education officer,1.00
armoured car driver,1.00
armoured car guard,1.00
army captain,1.00
army corporal,1.00
army general,1.00
army major,1.00
aromatherapist,1.00
art director,1.00
art handler,1.00
art model,1.00
art restorer,1.00
art studies lecturer,1.00
art teacher secondary school,1.00
art therapist,1.00
artillery officer,1.00
artisan papermaker,1.00
artistic coach,1.00
artistic director,1.00
artistic painter,1.00
arts education officer,1.00
asbestos abatement worker,1.00
asphalt laboratory technician,1.00
asphalt plant operator,1.00
assayer,1.00
asset manager,1.00
assistant clinical psychologist,1.00
assistant lecturer,1.00
assistant outdoor animator,1.00
assistant stage director,1.00
assistant video and motion picture director,1.00
astrologer,1.00
astronaut,1.00
astronomer,1.00
attraction operator,1.00
au pair,1.00
auction house manager,1.00
auctioneer,1.00
audio and video equipment shop manager,1.00
audio and video equipment specialised seller,1.00
audio describer,1.00
audio production technician,1.00
audiologist,1.00
audiology equipment shop manager,1.00
audiology equipment specialised seller,1.00
audiology technician,1.00
audiovisual technician,1.00
audit supervisor,1.00
auditing clerk,1.00
auger press operator,1.00
automated assembly line operator,1.00
automated cable vehicle controller,1.00
automated cutting machine operator,1.00
automated fly bar operator,1.00
automated optical inspection operator,1.00
automation engineer,1.00
automation engineering technician,1.00
automotive battery technician,1.00
automotive brake technician,1.00
automotive designer,1.00
automotive electrician,1.00
automotive engineer,1.00
automotive engineering drafter,1.00
automotive engineering technician,1.00
automotive test driver,1.00
auxiliary nursing and midwifery vocational teacher,1.00
aviation communications and frequency coordination manager,1.00
aviation data communications manager,1.00
aviation ground systems engineer,1.00
aviation inspector,1.00
aviation meteorologist,1.00
aviation safety officer,1.00
aviation surveillance and code coordination manager,1.00
avionics inspector,1.00
avionics technician,1.00
babysitter,1.00
back office specialist,1.00
bacteriology technician,1.00
baggage flow supervisor,1.00
baker,1.00
bakery shop manager,1.00
bakery specialised seller,1.00
baking operator,1.00
band saw operator,1.00
bank account manager,1.00
bank manager,1.00
bank teller,1.00
bank treasurer,1.00
banking products manager,1.00
bankruptcy trustee,1.00
barber,1.00
barista,1.00
bartender,1.00
basketmaker,1.00
bathroom fitter,1.00
battery assembler,1.00
battery test technician,1.00
beauty salon attendant,1.00
beauty salon manager,1.00
beauty vocational teacher,1.00
bed and breakfast operator,1.00
bee breeder,1.00
beer sommelier,1.00
behavioural scientist,1.00
belt builder,1.00
benefits advice worker,1.00
bereavement counsellor,1.00
bespoke footwear technician,1.00
betting manager,1.00
beverage filtration technician,1.00
beverages distribution manager,1.00
beverages shop manager,1.00
beverages specialised seller,1.00
bicycle assembler,1.00
bicycle courier,1.00
bicycle mechanic,1.00
bicycle shop manager,1.00
big data archive librarian,1.00
billing clerk,1.00
bindery operator,1.00
bingo caller,1.00
biochemical engineer,1.00
biochemist,1.00
biochemistry technician,1.00
bioengineer,1.00
biogas technician,1.00
bioinformatics scientist,1.00
biologist,1.00
biology lecturer,1.00
biology teacher secondary school,1.00
biology technician,1.00
biomedical engineer,1.00
biomedical scientist,1.00
biomedical scientist advanced,1.00
biometrician,1.00
biophysicist,1.00
biotechnical technician,1.00
blacksmith,1.00
blanching operator,1.00
bleacher operator,1.00
blender operator,1.00
blending plant operator,1.00
block machine operator,1.00
blogger,1.00
blow moulding machine operator,1.00
boat rigger,1.00
boatswain,1.00
body artist,1.00
bodyguard,1.00
boiler operator,1.00
boilermaker,1.00
bomb disposal technician,1.00
book editor,1.00
book publisher,1.00
book restorer,1.00
bookkeeper,1.00
bookmaker,1.00
booksewing machine operator,1.00
bookshop manager,1.00
bookshop specialised seller,1.00
boom operator,1.00
boring machine operator,1.00
botanical technician,1.00
botanicals specialist,1.00
botanist,1.00
boxing instructor,1.00
braiding machine operator,1.00
braiding textile technician,1.00
branch manager,1.00
brand manager,1.00
brazier,1.00
brew house operator,1.00
brewmaster,1.00
brick and tile caster,1.00
bricklayer,1.00
bricklaying supervisor,1.00
bridge construction supervisor,1.00
bridge inspector,1.00
brigadier,1.00
briquetting machine operator,1.00
broadcast news editor,1.00
broadcast technician,1.00
broadcasting programme director,1.00
brokerage firm director,1.00
brush maker,1.00
budget analyst,1.00
budget manager,1.00
building caretaker,1.00
building cleaner,1.00
building construction worker,1.00
building electrician,1.00
building exterior cleaner,1.00
building inspector,1.00
building materials shop manager,1.00
building materials specialised seller,1.00
bulk filler,1.00
bulldozer operator,1.00
bus driver,1.00
bus driving instructor,1.00
bus route supervisor,1.00
business administration vocational teacher,1.00
business analyst,1.00
business and marketing vocational teacher,1.00
business coach,1.00
business consultant,1.00
business developer,1.00
business economics researcher,1.00
business intelligence manager,1.00
business journalist,1.00
business lecturer,1.00
business manager,1.00
business service manager,1.00
business studies and economics teacher secondary school,1.00
business valuer,1.00
butcher,1.00
cabin crew instructor,1.00
cabin crew manager,1.00
cabinet maker,1.00
cable jointer,1.00
cacao bean roaster,1.00
cacao beans cleaner,1.00
cadastral technician,1.00
cake press operator,1.00
calculation engineer,1.00
calibration technician,1.00
call centre agent,1.00
call centre analyst,1.00
call centre manager,1.00
call centre quality auditor,1.00
call centre supervisor,1.00
camera operator,1.00
campaign canvasser,1.00
camping ground manager,1.00
camping ground operative,1.00
candle maker,1.00
candy machine operator,1.00
canning and bottling line operator,1.00
canvas goods assembler,1.00
capsule filling machine operator,1.00
car driving instructor,1.00
car leasing agent,1.00
carbonation operator,1.00
care at home worker,1.00
career guidance advisor,1.00
cargo vehicle driver,1.00
carpenter,1.00
carpenter supervisor,1.00
carpet fitter,1.00
carpet handicraft worker,1.00
carpet weaver,1.00
carriage driver,1.00
cartographer,1.00
cartoonist,1.00
case administrator,1.00
cashier,-5.00
casino cashier,1.00
casino gaming manager,1.00
casino pit boss,1.00
casting director,1.00
casting machine operator,1.00
casting mould maker,1.00
catcher,1.00
category manager,1.00
cattle breeder,1.00
cattle pedicure,1.00
ceiling installer,1.00
cellar operator,1.00
cemetery attendant,1.00
central bank governor,1.00
centrifuge operator,1.00
ceramic painter,1.00
ceramicist,1.00
chain making machine operator,1.00
chaplain,1.00
checkout supervisor,1.00
chef,1.00
chemical application specialist,1.00
chemical engineer,-2.00
chemical engineering technician,1.00
chemical manufacturing quality technician,1.00
chemical metallurgist,1.00
chemical mixer,1.00
chemical plant control room operator,1.00
chemical plant manager,1.00
chemical processing plant controller,1.00
chemical processing supervisor,1.00
chemical production manager,1.00
chemical products distribution manager,1.00
chemical tester,1.00
chemist,-2.00
chemistry lecturer,1.00
chemistry teacher secondary school,1.00
chemistry technician,1.00
chief ICT security officer,1.00
chief conductor,1.00
chief data officer,1.00
chief executive officer,1.00
chief fire officer,1.00
chief information officer,1.00
chief marketing officer,1.00
chief operating officer,1.00
chief technology officer,1.00
child care coordinator,1.00
child care social worker,1.00
child care worker,1.00
child day care centre manager,1.00
child day care worker,1.00
child welfare worker,1.00
chilling operator,1.00
chimney sweep,1.00
chimney sweep supervisor,1.00
china and glassware distribution manager,1.00
chipper operator,1.00
chiropractic assistant,1.00
chiropractor,1.00
chocolate moulding operator,1.00
chocolatier,1.00
choirmasterchoirmistress,1.00
choreographer,1.00
choreologist,1.00
chromatographer,1.00
cider fermentation operator,1.00
cider master,1.00
cigar brander,1.00
cigar inspector,1.00
cigarette making machine operator,1.00
circus artist,1.00
circus arts teacher,1.00
city councillor,1.00
civil drafter,1.00
civil enforcement officer,1.00
civil engineer,1.00
civil engineering technician,1.00
civil engineering worker,1.00
civil registrar,1.00
civil service administrative officer,1.00
clarifier,1.00
classical languages lecturer,1.00
classical languages teacher secondary school,1.00
clay kiln burner,1.00
clay products dry kiln operator,1.00
client relations manager,1.00
climatologist,1.00
clinical coder,1.00
clinical informatics manager,1.00
clinical perfusion scientist,1.00
clinical psychologist,1.00
clinical social worker,1.00
cloak room attendant,1.00
clock and watchmaker,1.00
clothing CAD patternmaker,1.00
clothing CAD technician,1.00
clothing alteration machinist,1.00
clothing and footwear distribution manager,1.00
clothing cutter,1.00
clothing development manager,1.00
clothing fashion designer,1.00
clothing finisher,1.00
clothing operations manager,1.00
clothing process control technician,1.00
clothing product grader,1.00
clothing quality inspector,1.00
clothing sample machinist,1.00
clothing shop manager,1.00
clothing specialised seller,1.00
clothing technologist,1.00
club hostclub hostess,1.00
coachbuilder,1.00
coagulation operator,1.00
coastguard watch officer,1.00
coating machine operator,1.00
cocktail bartender,1.00
cocoa mill operator,1.00
cocoa press operator,1.00
coffee grinder,1.00
coffee roaster,1.00
coffee taster,1.00
coffee tea cocoa and spices distribution manager,1.00
coking furnace operator,1.00
collection manager,1.00
colonel,1.00
colour sampling operator,1.00
colour sampling technician,1.00
columnist,1.00
commercial art gallery manager,1.00
commercial director,1.00
commercial pilot,1.00
commercial sales representative,1.00
commissioning engineer,1.00
commissioning technician,1.00
commodity broker,1.00
commodity trader,1.00
communication infrastructure maintainer,1.00
communication manager,1.00
communication scientist,1.00
communications lecturer,1.00
community artist,1.00
community care case worker,1.00
community development officer,1.00
community development social worker,1.00
community health worker,1.00
community social worker,1.00
companion,1.00
competition policy officer,1.00
complementary therapist,1.00
compliance engineer,1.00
component engineer,1.00
composer,1.00
compression moulding machine operator,1.00
computer and accessories specialised seller,1.00
computer games multimedia and software specialised seller,1.00
computer hardware engineer,1.00
computer hardware engineering technician,1.00
computer hardware repair technician,1.00
computer hardware test technician,1.00
computer numerical control machine operator,1.00
computer science lecturer,1.00
computer scientist,1.00
computer shop manager,1.00
computer software and multimedia shop manager,1.00
computeraided design operator,1.00
computers computer peripheral equipment and software distribution manager,1.00
conceptual artist,1.00
concrete finisher,1.00
concrete finisher supervisor,1.00
concrete products machine operator,1.00
concrete pump operator,1.00
confectioner,1.00
confectionery shop manager,1.00
confectionery specialised seller,1.00
conservation scientist,1.00
conservator,1.00
construction commercial diver,1.00
construction engineer,1.00
construction equipment technician,1.00
construction general contractor,1.00
construction general supervisor,1.00
construction manager,1.00
construction painter,1.00
construction painting supervisor,1.00
construction quality inspector,1.00
construction quality manager,1.00
construction safety inspector,1.00
construction safety manager,1.00
construction scaffolder,1.00
construction scaffolding supervisor,1.00
consul,1.00
consultant social worker,1.00
consumer electronics repair technician,1.00
consumer goods inspector,1.00
consumer rights advisor,1.00
contact centre manager,1.00
contact centre supervisor,1.00
container crane operator,1.00
container equipment assembler,1.00
container equipment assembly supervisor,1.00
container equipment design engineer,1.00
contract engineer,1.00
control panel assembler,1.00
control panel tester,1.00
conveyance clerk,1.00
cook,1.00
cooper,1.00
copilot,1.00
coppersmith,1.00
copy editor,1.00
coquille casting worker,1.00
coroner,1.00
corporate banking manager,1.00
corporate investment banker,1.00
corporate lawyer,1.00
corporate social responsibility manager,1.00
corporate trainer,1.00
corporate training manager,1.00
corporate treasurer,1.00
correctional services manager,1.00
corrosion technician,1.00
corrugator operator,1.00
cosmetic chemist,1.00
cosmetics and perfume shop manager,1.00
cosmetics and perfume specialised seller,1.00
cosmetics production machine operator,1.00
cosmologist,1.00
cost analyst,1.00
costume attendant,1.00
costume buyer,1.00
costume designer,1.00
costume maker,1.00
cotton gin operator,1.00
countryside officer,1.00
court administrative officer,1.00
court administrator,1.00
court bailiff,1.00
court clerk,1.00
court enforcement officer,1.00
court jury coordinator,1.00
court reporter,1.00
craft shop manager,1.00
crane crew supervisor,1.00
crane technician,1.00
creative director,1.00
credit adviser,1.00
credit analyst,1.00
credit manager,1.00
credit risk analyst,1.00
credit union manager,1.00
crime journalist,1.00
criminal investigator,1.00
criminal justice social worker,1.00
criminologist,1.00
crisis helpline operator,1.00
crisis situation social worker,1.00
critic,1.00
crop production manager,1.00
crop production worker,1.00
crosscut saw operator,1.00
crossing guard,1.00
crowd controller,1.00
cultural centre director,1.00
cultural facilities manager,1.00
cultural policy officer,1.00
curator of horticulture,1.00
curing room worker,1.00
curriculum administrator,1.00
customer contact centre information clerk,1.00
customer experience manager,1.00
customer service representative,1.00
customs and excise officer,1.00
customs officer,1.00
cutting machine operator,1.00
cylinder filler,1.00
cylindrical grinder operator,1.00
cytology screener,1.00
dairy processing operator,1.00
dairy processing technician,1.00
dairy products and edible oils distribution manager,1.00
dairy products maker,1.00
dairy products manufacturing worker,1.00
dance teacher,1.00
dance therapist,1.00
dance20rE9pE9titeur,1.00
dancer,1.00
dangerous goods driver,1.00
dangerous goods safety adviser,1.00
data analyst,1.00
data centre operator,1.00
data entry clerk,1.00
data entry supervisor,1.00
data quality specialist,1.00
data scientist,1.00
data warehouse designer,1.00
database administrator,1.00
database designer,1.00
database developer,1.00
database integrator,1.00
dating service consultant,1.00
dean of faculty,1.00
debarker operator,1.00
debt collector,1.00
deburring machine operator,1.00
deck officer,1.00
decksman,1.00
decontamination worker,1.00
decorative painter,1.00
deepsea fishery worker,1.00
defence administration officer,1.00
delicatessen shop manager,1.00
delicatessen specialised seller,1.00
delivery driver,1.00
demographer,1.00
demolition supervisor,1.00
demolition worker,1.00
dental chairside assistant,1.00
dental hygienist,1.00
dental instrument assembler,1.00
dental practitioner,1.00
dental technician,1.00
dentistry lecturer,1.00
department manager,1.00
department store manager,1.00
deputy head teacher,1.00
derrickhand,1.00
desalination technician,1.00
design and applied arts vocational teacher,1.00
design engineer,1.00
desktop publisher,1.00
destination manager,1.00
dewatering technician,1.00
diagnostic radiographer,1.00
diesel engine mechanic,1.00
diet cook,1.00
dietetic technician,1.00
dietitian,1.00
digester operator,1.00
digital artist,1.00
digital forensics expert,1.00
digital games designer,1.00
digital games developer,1.00
digital games tester,1.00
digital literacy teacher,1.00
digital media designer,1.00
digital printer,1.00
digital prototyper,1.00
dip tank operator,1.00
diplomat,1.00
director of compliance and information security in gambling,1.00
director of photography,1.00
disability support worker,1.00
disc jockey,1.00
dismantling engineer,1.00
dismantling supervisor,1.00
dismantling worker,1.00
distillation operator,1.00
distillery miller,1.00
distillery supervisor,1.00
distillery worker,1.00
distribution centre dispatcher,1.00
distribution manager,1.00
dividend analyst,1.00
doctors surgery assistant,1.00
dog breeder,1.00
dog trainer,1.00
doll maker,1.00
domestic appliances shop manager,1.00
domestic appliances specialised seller,1.00
domestic butler,1.00
domestic cleaner,1.00
domestic electrician,1.00
domestic energy assessor,1.00
domestic housekeeper,1.00
door installer,1.00
door supervisor,1.00
door to door seller,1.00
doormandoorwoman,1.00
drafter,1.00
drain technician,1.00
drainage engineer,1.00
drainage worker,1.00
drama teacher,1.00
drama teacher secondary school,1.00
dramaturge,1.00
drapery and carpet cleaner,1.00
drawing artist,1.00
drawing kiln operator,1.00
dredge operator,1.00
dredging supervisor,1.00
dresser,1.00
dressmaker,1.00
drill operator,1.00
drill press operator,1.00
driller,1.00
drilling engineer,1.00
drilling machine operator,1.00
driving instructor,1.00
drop forging hammer worker,1.00
drug and alcohol addiction counsellor,1.00
drugstore manager,1.00
dry house attendant,1.00
dry press operator,1.00
dryer attendant,1.00
eBusiness manager,1.00
early years special educational needs teacher,1.00
early years teacher,1.00
early years teaching assistant,1.00
earth science lecturer,1.00
ecologist,1.00
economic adviser,1.00
economic development coordinator,1.00
economic policy officer,1.00
economics lecturer,1.00
economist,1.00
edge bander operator,1.00
editorial assistant,1.00
editorinchief,1.00
education administrator,1.00
education inspector,1.00
education policy officer,1.00
education programme coordinator,1.00
education studies lecturer,1.00
education welfare officer,1.00
educational counsellor,1.00
educational psychologist,1.00
educational researcher,1.00
elderly home manager,1.00
elearning architect,1.00
elearning developer,1.00
election agent,1.00
election observer,1.00
electric meter technician,1.00
electric power generation engineer,1.00
electrical cable assembler,1.00
electrical drafter,1.00
electrical engineer,1.00
electrical engineering technician,1.00
electrical equipment assembler,1.00
electrical equipment inspector,1.00
electrical equipment production supervisor,1.00
electrical household appliances distribution manager,1.00
electrical mechanic,1.00
electrical power distributor,1.00
electrical supervisor,1.00
electrical transmission system operator,1.00
electrician,1.00
electricity and energy vocational teacher,1.00
electricity distribution worker,1.00
electricity sales representative,1.00
electrolytic cell maker,1.00
electromagnetic engineer,1.00
electromechanical drafter,1.00
electromechanical engineer,1.00
electromechanical engineering technician,1.00
electromechanical equipment assembler,1.00
electron beam welder,1.00
electronic and telecommunications equipment and parts distribution manager,1.00
electronic equipment assembler,1.00
electronic equipment inspector,1.00
electronic musical instrument maker,1.00
electronics and automation vocational teacher,1.00
electronics drafter,1.00
electronics engineer,1.00
electronics engineering technician,1.00
electronics production supervisor,1.00
electroplating machine operator,1.00
embalmer,1.00
embassy counsellor,1.00
embedded system designer,1.00
embedded systems software developer,1.00
embroiderer,1.00
embroidery machine operator,1.00
emergency ambulance driver,1.00
emergency medical dispatcher,1.00
emergency response coordinator,1.00
emergency response worker,1.00
employment agent,1.00
employment and vocational integration consultant,1.00
employment programme coordinator,1.00
employment support worker,1.00
enameller,1.00
energy analyst,1.00
energy assessor,1.00
energy conservation officer,1.00
energy consultant,1.00
energy engineer,1.00
energy manager,1.00
energy systems engineer,1.00
energy trader,1.00
engine designer,1.00
engine minder,1.00
engineered wood board grader,1.00
engineered wood board machine operator,1.00
engineering assistant,1.00
engineering lecturer,1.00
engraving machine operator,1.00
enterprise architect,1.00
enterprise development worker,1.00
entertainment journalist,1.00
envelope maker,1.00
environmental education officer,1.00
environmental engineer,1.00
environmental expert,1.00
environmental geologist,1.00
environmental health inspector,1.00
environmental mining engineer,1.00
environmental policy officer,1.00
environmental programme coordinator,1.00
environmental protection manager,1.00
environmental scientist,1.00
environmental technician,1.00
epidemiologist,1.00
equality and inclusion manager,1.00
equine dental technician,1.00
equine worker,1.00
equine yard manager,1.00
equipment engineer,1.00
ergonomist,1.00
escort,1.00
ethical hacker,1.00
event assistant,1.00
event electrician,1.00
event manager,1.00
event scaffolder,1.00
excavator operator,1.00
executive assistant,1.00
exhibition curator,1.00
exhibition registrar,1.00
exploration geologist,1.00
explosives engineer,1.00
extra,1.00
extract mixer tester,1.00
extrusion machine operator,1.00
eyewear and optical equipment shop manager,1.00
eyewear and optical equipment specialised seller,1.00
facilities manager,1.00
fact checker,1.00
factory hand,1.00
family planning counsellor,1.00
family social worker,1.00
family support worker,1.00
farm manager,1.00
farm milk controller,1.00
farrier,1.00
fashion designer,1.00
fashion model,1.00
fatpurification worker,1.00
fermenter operator,1.00
fertiliser mixer,1.00
fiberglass laminator,1.00
fibre machine tender,1.00
fibreglass machine operator,1.00
field survey manager,1.00
fight director,1.00
filament winding operator,1.00
file clerk,1.00
filigree maker,1.00
filing machine operator,1.00
financial analyst,1.00
financial auditor,1.00
financial broker,1.00
financial controller,1.00
financial fraud examiner,1.00
financial manager,1.00
financial markets back office administrator,1.00
financial planner,1.00
financial risk analyst,1.00
financial trader,1.00
fine arts instructor,1.00
finished leather warehouse manager,1.00
finishing textile technician,1.00
fire commissioner,1.00
fire inspector,1.00
fire prevention and protection engineer,1.00
fire protection technician,1.00
fire safety tester,1.00
fire service vehicle operator,1.00
firefighter,1.00
firefighter instructor,1.00
firework assembler,1.00
first aid instructor,1.00
fiscal affairs policy officer,1.00
fish and seafood shop manager,1.00
fish and seafood specialised seller,1.00
fish canning operator,1.00
fish cook,1.00
fish crustaceans and molluscs distribution manager,1.00
fish preparation operator,1.00
fish production operator,1.00
fish trimmer,1.00
fisheries adviser,1.00
fisheries assistant engineer,1.00
fisheries boatman,1.00
fisheries boatmaster,1.00
fisheries deckhand,1.00
fisheries master,1.00
fisheries observer,1.00
fisheries refrigeration engineer,1.00
fishing net maker,1.00
fitness instructor,1.00
fitter and turner,1.00
fleet commander,1.00
flexographic press operator,1.00
flight attendant,1.00
flight instructor,1.00
flight operations officer,1.00
flight test engineer,1.00
floor and wall coverings shop manager,1.00
floor and wall coverings specialised seller,1.00
flour purifier operator,1.00
flower and garden shop manager,1.00
flower and garden specialised seller,1.00
flowers and plants distribution manager,1.00
fluid power engineer,1.00
fluid power technician,1.00
flying director,1.00
foam rubber mixer,1.00
followspot operator,1.00
food analyst,1.00
food and beverage packaging technologist,1.00
food biotechnologist,1.00
food grader,1.00
food production engineer,1.00
food production manager,1.00
food production operator,1.00
food production planner,1.00
food regulatory advisor,1.00
food safety inspector,1.00
food safety specialist,1.00
food science lecturer,1.00
food service vocational teacher,1.00
food technician,1.00
food technologist,1.00
football coach,1.00
footwear CAD patternmaker,1.00
footwear assembly supervisor,1.00
footwear designer,1.00
footwear factory warehouse operator,1.00
footwear finishing and packing operator,1.00
footwear hand sewer,1.00
footwear maintenance technician,1.00
footwear patternmaker,1.00
footwear product developer,1.00
footwear product development manager,1.00
footwear production machine operator,1.00
footwear production manager,1.00
footwear production supervisor,1.00
footwear production technician,1.00
footwear quality control laboratory technician,1.00
footwear quality controller,1.00
footwear quality manager,1.00
footwear quality technician,1.00
footwear stitching machine operator,1.00
forecast manager,1.00
foreclosure specialist,1.00
foreign affairs officer,1.00
foreign correspondent,1.00
foreign exchange broker,1.00
foreign exchange cashier,1.00
foreign exchange trader,1.00
foreign language correspondence clerk,1.00
forest ranger,1.00
forest worker,1.00
forester,1.00
forestry adviser,1.00
forestry equipment operator,1.00
forestry inspector,1.00
forestry machinery technician,1.00
forestry technician,1.00
forge equipment technician,1.00
forklift operator,1.00
fortune teller,1.00
forwarding manager,1.00
fossilfuel power plant operator,1.00
foster care support worker,1.00
foundry manager,1.00
foundry moulder,1.00
foundry operative,1.00
fragrance chemist,1.00
frame maker,1.00
freight inspector,1.00
freight transport dispatcher,1.00
front line medical receptionist,1.00
front of house manager,1.00
froth flotation deinking operator,1.00
fruit and vegetable canner,1.00
fruit and vegetable picker,1.00
fruit and vegetable preserver,1.00
fruit and vegetables distribution manager,1.00
fruit and vegetables shop manager,1.00
fruit and vegetables specialised seller,1.00
fruit production team leader,1.00
fruitpress operator,1.00
fuel station manager,1.00
fuel station specialised seller,1.00
fundraising assistant,1.00
fundraising manager,1.00
funeral attendant,1.00
funeral services director,1.00
fur animals breeder,1.00
furniture assembler,1.00
furniture carpets and lighting equipment distribution manager,1.00
furniture cleaner,1.00
furniture designer,1.00
furniture finisher,1.00
furniture restorer,1.00
furniture shop manager,1.00
furniture specialised seller,1.00
furniture upholsterer,1.00
further education principal,1.00
further education teacher,1.00
futures trader,1.00
gambling betting and lottery game developer,1.00
gambling betting and lottery games designer,1.00
gambling betting and lottery quality assurance engineer,1.00
gambling manager,1.00
game keeper,1.00
games development manager,1.00
gaming dealer,1.00
gaming inspector,1.00
garage manager,1.00
garden labourer,1.00
gas distribution engineer,1.00
gas processing plant control room operator,1.00
gas processing plant operator,1.00
gas processing plant supervisor,1.00
gas production engineer,1.00
gas scheduling representative,1.00
gas service technician,1.00
gas station operator,1.00
gas transmission system operator,1.00
gate guard,1.00
gauger,1.00
gear machinist,1.00
gemmologist,1.00
genealogist,1.00
general practitioner,1.00
general veterinarian,1.00
geneticist,1.00
geochemist,1.00
geographer,1.00
geographic information systems specialist,1.00
geography teacher secondary school,1.00
geological engineer,1.00
geologist,1.00
geology technician,1.00
geophysicist,1.00
geotechnician,1.00
geothermal power plant operator,1.00
germination operator,1.00
gerontology social worker,1.00
glass annealer,1.00
glass artist,1.00
glass beveller,1.00
glass engraver,1.00
glass forming machine operator,1.00
glass installation supervisor,1.00
glass painter,1.00
glass polisher,1.00
glassblower,1.00
glove maker,1.00
goldsmith,1.00
golf instructor,1.00
government minister,1.00
government planning inspector,1.00
grader operator,1.00
grants administrator,1.00
grants management officer,1.00
granulator machine operator,1.00
graphic designer,1.00
graphologist,1.00
gravure press operator,1.00
greaser,1.00
green ICT consultant,1.00
green coffee buyer,1.00
greenA0coffeeA0coordinator,1.00
grill cook,1.00
grinding machine operator,1.00
groom,1.00
ground lighting officer,1.00
ground rigger,1.00
ground stewardground stewardess,1.00
groundsmangroundswoman,1.00
groundwater monitoring technician,1.00
guide,1.00
guide dog instructor,1.00
guitar maker,1.00
gunsmith,1.00
hair removal technician,1.00
hair stylist,1.00
hairdresser,1.00
hairdresser assistant,1.00
hairdressing vocational teacher,1.00
halal butcher,1.00
halal slaughterer,1.00
hand brick moulder,1.00
hand lasting operator,1.00
hand luggage inspector,1.00
hand packer,1.00
handyman,1.00
hardware and paint shop manager,1.00
hardware and paint specialised seller,1.00
hardware plumbing and heating equipment and supplies distribution manager,1.00
hardwood floor layer,1.00
harp maker,1.00
harpsichord maker,1.00
harvest diver,1.00
hawker,1.00
hazardous materials inspector,1.00
hazardous waste inspector,1.00
hazardous waste technician,1.00
head chef,1.00
head of higher education institutions,1.00
head of workshop,1.00
head pastry chef,1.00
head sommelier,1.00
head waiterhead waitress,1.00
headteacher,1.00
health and safety engineer,1.00
health and safety inspector,1.00
health and safety officer,1.00
health psychologist,1.00
healthcare assistant,1.00
healthcare consultant,1.00
healthcare inspector,1.00
healthcare institution manager,1.00
healthcare specialist lecturer,1.00
hearse driver,1.00
heat sealing machine operator,1.00
heat treatment furnace operator,1.00
heating engineer,1.00
heating ventilation air conditioning and refrigeration drafter,1.00
heating ventilation air conditioning and refrigeration engineering technician,1.00
heating ventilation air conditioning and refrigeration service engineer,1.00
heating ventilation air conditioning engineer,1.00
helicopter pilot,1.00
helmsman,1.00
herbal therapist,1.00
hide grader,1.00
hides skins and leather products distribution manager,1.00
high rigger,1.00
higher education lecturer,1.00
historian,1.00
history lecturer,1.00
history teacher secondary school,1.00
home care aide,1.00
homelessness worker,1.00
homeopath,1.00
honey extractor,1.00
hop farmer,1.00
horse breeder,1.00
horse riding instructor,1.00
horse trainer,1.00
horticulture production manager,1.00
horticulture production team leader,1.00
horticulture worker,1.00
hospital pharmacist,1.00
hospital porter,1.00
hospital social worker,1.00
hospitality entertainment manager,1.00
hospitality establishment receptionist,1.00
hospitality establishment security officer,1.00
hospitality revenue manager,1.00
hospitality vocational teacher,1.00
hot foil operator,1.00
hotel butler,1.00
hotel concierge,1.00
hotel porter,1.00
house builder,1.00
house sitter,1.00
household appliances repair technician,1.00
household goods distribution manager,1.00
housekeeping supervisor,1.00
housing manager,1.00
housing policy officer,1.00
housing support worker,1.00
human resources assistant,1.00
human resources manager,1.00
human resources officer,1.00
human rights officer,1.00
humanitarian advisor,1.00
hunter,1.00
hydraulic forging press worker,1.00
hydroelectric plant operator,1.00
hydrogenation machine operator,1.00
hydrogeologist,1.00
hydrographic surveying technician,1.00
hydrographic surveyor,1.00
hydrologist,1.00
hydropower engineer,1.00
hydropower technician,1.00
iceskating coach,1.00
idiophone musical instruments maker,1.00
illustrator,1.00
imagesetter,1.00
immigration adviser,1.00
immigration officer,1.00
immigration policy officer,1.00
immunologist,1.00
import export manager,1.00
import export manager in agricultural machinery and equipment,1.00
import export manager in agricultural raw materials seeds and animal feeds,1.00
import export manager in beverages,1.00
import export manager in chemical products,1.00
import export manager in china and other glassware,1.00
import export manager in clothing and footwear,1.00
import export manager in coffee tea cocoa and spices,1.00
import export manager in computers computer peripheral equipment and software,1.00
import export manager in dairy products and edible oils,1.00
import export manager in electrical household appliances,1.00
import export manager in electronic and telecommunications equipment and parts,1.00
import export manager in fish crustaceans and molluscs,1.00
import export manager in flowers and plants,1.00
import export manager in fruit and vegetables,1.00
import export manager in furniture carpets and lighting equipment,1.00
import export manager in hardware plumbing and heating equipment and supplies,1.00
import export manager in hides skins and leather products,1.00
import export manager in household goods,1.00
import export manager in live animals,1.00
import export manager in machine tools,1.00
import export manager in machinery industrial equipment ships and aircraft,1.00
import export manager in meat and meat products,1.00
import export manager in metals and metal ores,1.00
import export manager in mining construction and civil engineering machinery,1.00
import export manager in office furniture,1.00
import export manager in office machinery and equipment,1.00
import export manager in perfume and cosmetics,1.00
import export manager in pharmaceutical goods,1.00
import export manager in sugar chocolate and sugar confectionery,1.00
import export manager in textile industry machinery,1.00
import export manager in textiles and textile semifinished and raw materials,1.00
import export manager in tobacco products,1.00
import export manager in waste and scrap,1.00
import export manager in watches and jewellery,1.00
import export manager in wood and construction materials,1.00
import export specialist,1.00
import export specialist in  fish crustaceans and molluscs,1.00
import export specialist in agricultural machinery and equipment,1.00
import export specialist in agricultural raw materials seeds and animal feeds,1.00
import export specialist in beverages,1.00
import export specialist in chemical products,1.00
import export specialist in china and other glassware,1.00
import export specialist in clothing and footwear,1.00
import export specialist in coffee tea cocoa and spices,1.00
import export specialist in computers peripheral equipment and software,1.00
import export specialist in dairy products and edible oils,1.00
import export specialist in electrical household appliances,1.00
import export specialist in electronic and telecommunications equipment,1.00
import export specialist in flowers and plants,1.00
import export specialist in fruit and vegetables,1.00
import export specialist in furniture carpets and lighting equipment,1.00
import export specialist in hardware plumbing and heating equipment,1.00
import export specialist in hides skins and leather products,1.00
import export specialist in household goods,1.00
import export specialist in live animals,1.00
import export specialist in machine tools,1.00
import export specialist in machinery industrial equipment ships and aircraft,1.00
import export specialist in meat and meat products,1.00
import export specialist in metals and metal ores,1.00
import export specialist in mining construction civil engineering machinery,1.00
import export specialist in office furniture,1.00
import export specialist in office machinery and equipment,1.00
import export specialist in perfume and cosmetics,1.00
import export specialist in pharmaceutical goods,1.00
import export specialist in sugar chocolate and sugar confectionery,1.00
import export specialist in textile industry machinery,1.00
import export specialist in textiles and textile semifinished and raw materials,1.00
import export specialist in tobacco products,1.00
import export specialist in waste and scrap,1.00
import export specialist in watches and jewellery,1.00
import export specialist in wood and construction materials,1.00
incinerator operator,1.00
industrial arts vocational teacher,1.00
industrial assembly supervisor,1.00
industrial cook,1.00
industrial designer,1.00
industrial electrician,1.00
industrial engineer,1.00
industrial engineering technician,1.00
industrial firefighter,1.00
industrial machinery assembler,1.00
industrial machinery mechanic,1.00
industrial maintenance supervisor,1.00
industrial mobile devices software developer,1.00
industrial pharmacist,1.00
industrial production manager,1.00
industrial quality manager,1.00
industrial robot controller,1.00
industrial tool design engineer,1.00
industrial waste inspector,1.00
infantry soldier,1.00
information manager,1.00
injection moulding operator,1.00
inland water transport general manager,1.00
installation engineer,1.00
instructional designer,1.00
instrument technician,1.00
instrumentation engineer,1.00
instrumentation engineering technician,1.00
insulating tube winder,1.00
insulation supervisor,1.00
insulation worker,1.00
insurance agency manager,1.00
insurance broker,1.00
insurance claims handler,1.00
insurance claims manager,1.00
insurance clerk,1.00
insurance collector,1.00
insurance fraud investigator,1.00
insurance product manager,1.00
insurance rating analyst,1.00
insurance risk consultant,1.00
insurance underwriter,1.00
integrated circuit design engineer,1.00
integration engineer,1.00
intellectual property consultant,1.00
intelligence communications interceptor,1.00
intelligence officer,1.00
intelligent lighting engineer,1.00
intercultural communication consultant,1.00
interior architect,1.00
interior designer,1.00
interior landscaper,1.00
interior planner,1.00
intermodal logistics manager,1.00
international forwarding operations coordinator,1.00
international relations officer,1.00
international student exchange coordinator,1.00
interpretation agency manager,1.00
interpreter,1.00
inventory coordinator,1.00
investment adviser,1.00
investment analyst,1.00
investment clerk,1.00
investment fund management assistant,1.00
investment fund manager,1.00
investment manager,1.00
investor relations manager,1.00
irrigation system installer,1.00
irrigation technician,1.00
jeweller,1.00
jewellery and watches shop manager,1.00
jewellery and watches specialised seller,1.00
jewellery assembler,1.00
jewellery designer,1.00
jewellery engraver,1.00
jewellery mounter,1.00
jewellery polisher,1.00
jewellery repairer,1.00
journalism lecturer,1.00
journalist,1.00
judge,1.00
justice of the peace,1.00
juvenile correctional officer,1.00
kennel supervisor,1.00
kennel worker,1.00
kettle tender,1.00
keyboard musical instrument maker,1.00
kiln firer,1.00
kinesiologist,1.00
kitchen and bathroom shop manager,1.00
kitchen assistant,1.00
kitchen porter,1.00
kitchen unit installer,1.00
knitter,1.00
knitting machine operator,1.00
knitting machine supervisor,1.00
knitting textile technician,1.00
knowledge engineer,1.00
kosher butcher,1.00
kosher slaughterer,1.00
labour market policy officer,1.00
labour relations officer,1.00
lacquer maker,1.00
lacquer spray gun operator,1.00
laminating machine operator,1.00
land planner,1.00
land surveyor,1.00
landbased machinery operator,1.00
landbased machinery supervisor,1.00
landbased machinery technician,1.00
landfill supervisor,1.00
landscape architect,1.00
landscape designer,1.00
landscape gardener,1.00
language engineer,1.00
language school teacher,1.00
laser beam welder,1.00
laser cutting machine operator,1.00
laser marking machine operator,1.00
lasting machine operator,1.00
lathe and turning machine operator,1.00
laundromat attendant,1.00
laundry and dry cleaning manager,1.00
laundry ironer,1.00
laundry worker,1.00
laundry workers supervisor,1.00
law lecturer,1.00
lawyer,1.00
lawyer linguist,1.00
leaf sorter,1.00
leaf tier,1.00
leaflet distributor,1.00
learning mentor,1.00
learning support teacher,1.00
leather finishing operations manager,1.00
leather finishing operator,1.00
leather goods CAD patternmaker,1.00
leather goods artisanal worker,1.00
leather goods designer,1.00
leather goods finishing operator,1.00
leather goods hand cutting operator,1.00
leather goods hand stitcher,1.00
leather goods industrial engineer,1.00
leather goods machine operator,1.00
leather goods maintenance technician,1.00
leather goods manual operator,1.00
leather goods manufacturing technician,1.00
leather goods packing operator,1.00
leather goods patternmaker,1.00
leather goods product developer,1.00
leather goods product development manager,1.00
leather goods production manager,1.00
leather goods production supervisor,1.00
leather goods quality control laboratory technician,1.00
leather goods quality controller,1.00
leather goods quality manager,1.00
leather goods quality technician,1.00
leather goods stitching machine operator,1.00
leather goods warehouse operator,1.00
leather laboratory technician,1.00
leather measuring operator,1.00
leather production machine operator,1.00
leather production manager,1.00
leather production planner,1.00
leather raw materials purchasing manager,1.00
leather sorter,1.00
leather wet processing department manager,1.00
legal administrative assistant,1.00
legal assistant,1.00
legal consultant,1.00
legal guardian,1.00
legal policy officer,1.00
legal service manager,1.00
legislative drafter,1.00
leisure attendant,1.00
letting agent,1.00
level crossing signalperson,1.00
lexicographer,1.00
librarian,1.00
library assistant,1.00
library manager,1.00
licensing manager,1.00
licensing officer,1.00
lieutenant,1.00
life coach,1.00
life guard,1.00
lifeguard instructor,1.00
lift engineer,1.00
lift installation supervisor,1.00
light board operator,1.00
lighting designer,1.00
lighting director,1.00
lighting technician,1.00
lime kiln operator,1.00
linen room attendant,1.00
linguist,1.00
linguistics lecturer,1.00
liquid fuel engineer,1.00
liquid waste treatment plant operator,1.00
liquor blender,1.00
liquor grinding mill operator,1.00
literary scholar,1.00
literature teacher secondary school,1.00
lithographer,1.00
live animal transporter,1.00
live animals distribution manager,1.00
live chat operator,1.00
livestock advisor,1.00
livestock worker,1.00
loan officer,1.00
localiser,1.00
location manager,1.00
locker room attendant,1.00
locksmith,1.00
logistics analyst,1.00
logistics and distribution manager,1.00
logistics engineer,1.00
loss adjuster,1.00
lottery cashier,1.00
lottery manager,1.00
lottery operator,1.00
lumber grader,1.00
lyricist,1.00
machine operator supervisor,1.00
machinery assembly coordinator,1.00
machinery assembly supervisor,1.00
machinery industrial equipment ships and aircraft distribution manager,1.00
madeup textile articles manufacturer,1.00
magazine editor,1.00
mail clerk,1.00
maintenance and repair engineer,1.00
makeup and hair designer,1.00
makeup artist,1.00
malt house supervisor,1.00
malt kiln operator,1.00
malt master,1.00
management assistant,1.00
manicurist,1.00
manmade fiber spinner,1.00
manufactured wooden building assembler,1.00
manufacturing cost estimator,1.00
manufacturing engineer,1.00
manufacturing facility manager,1.00
manufacturing manager,1.00
marine cargo inspector,1.00
marine chief engineer,1.00
marine electrician,1.00
marine electronics technician,1.00
marine engineer,1.00
marine engineering drafter,1.00
marine engineering technician,1.00
marine firefighter,1.00
marine mechanic,1.00
marine surveyor,1.00
marine upholsterer,1.00
maritime instructor,1.00
maritime pilot,1.00
maritime water transport general manager,1.00
market research analyst,1.00
market research interviewer,1.00
market vendor,1.00
marketeer,1.00
marketing assistant,1.00
marketing manager,1.00
marriage counsellor,1.00
mask maker,1.00
massage therapist,1.00
masseurmasseuse,1.00
master coffee roaster,1.00
mastering engineer,1.00
material stress analyst,1.00
material testing technician,1.00
materials engineer,1.00
materials handler,1.00
maternity support worker,1.00
mathematician,1.00
mathematics lecturer,1.00
mathematics teacher secondary school,1.00
matrose,1.00
mattress maker,1.00
mattress making machine operator,1.00
mayor,1.00
meat and meat products distribution manager,1.00
meat and meat products shop manager,1.00
meat and meat products specialised seller,1.00
meat cutter,1.00
meat preparations operator,1.00
mechanical engineer,1.00
mechanical engineering drafter,1.00
mechanical engineering technician,1.00
mechanical forging press worker,1.00
mechatronics assembler,1.00
mechatronics engineer,1.00
mechatronics engineering technician,1.00
media scientist,1.00
mediation and education manager,1.00
mediator,1.00
medical administrative assistant,1.00
medical device assembler,1.00
medical device engineer,1.00
medical device engineering technician,1.00
medical goods shop manager,1.00
medical goods specialised seller,1.00
medical laboratory assistant,1.00
medical laboratory manager,1.00
medical laboratory technology vocational teacher,1.00
medical practice manager,1.00
medical records clerk,1.00
medical records manager,1.00
medical sales representative,1.00
medical transcriptionist,1.00
medicine lecturer,1.00
medium,1.00
member of parliament,1.00
membership administrator,1.00
membership manager,1.00
membranophone musical instruments maker,1.00
mental health social worker,1.00
mental health support worker,1.00
merchandiser,1.00
mergers and acquisitions analyst,1.00
metal annealer,1.00
metal drawing machine operator,1.00
metal engraver,1.00
metal furnace operator,1.00
metal furniture machine operator,1.00
metal nibbling operator,1.00
metal planer operator,1.00
metal polisher,1.00
metal product quality control inspector,1.00
metal production manager,1.00
metal production supervisor,1.00
metal products assembler,1.00
metal rolling mill operator,1.00
metal sawing machine operator,1.00
metallurgical manager,1.00
metallurgical technician,1.00
metallurgist,1.00
metals and metal ores distribution manager,1.00
metalworking lathe operator,1.00
meteorologist,1.00
meteorology technician,1.00
meter reader,1.00
metrologist,1.00
metrology technician,1.00
microbiologist,1.00
microelectronics engineer,1.00
microelectronics engineering technician,1.00
microsystem engineer,1.00
microsystem engineering technician,1.00
middle office analyst,1.00
midwife,1.00
migrant social worker,1.00
military engineer,1.00
military welfare worker,1.00
milk heat treatment process operator,1.00
milk reception operator,1.00
miller,1.00
milliner,1.00
milling machine operator,1.00
mine control room operator,1.00
mine development engineer,1.00
mine electrical engineer,1.00
mine geologist,1.00
mine health and safety engineer,1.00
mine manager,1.00
mine mechanical engineer,1.00
mine planning engineer,1.00
mine production manager,1.00
mine rescue officer,1.00
mine safety officer,1.00
mine shift manager,1.00
mine supervisor,1.00
mine surveying technician,1.00
mine surveyor,1.00
mine ventilation engineer,1.00
mineral crushing operator,1.00
mineral processing engineer,1.00
mineral processing operator,1.00
mineralogist,1.00
miniature set designer,1.00
mining assistant,1.00
mining construction and civil engineering machinery distribution manager,1.00
mining electrician,1.00
mining equipment mechanic,1.00
mining geotechnical engineer,1.00
minister of religion,1.00
missionary,1.00
mixed farmer,1.00
mobile app developer,1.00
mobile crane operator,1.00
mobile devices technician,1.00
mobile phone repair technician,1.00
model maker,1.00
modern languages lecturer,1.00
modern languages teacher secondary school,1.00
monknun,1.00
mortgage broker,1.00
mortgage loan underwriter,1.00
motion picture film developer,1.00
motor vehicle aftersales manger,1.00
motor vehicle assembler,1.00
motor vehicle assembly inspector,1.00
motor vehicle assembly supervisor,1.00
motor vehicle body assembler,1.00
motor vehicle engine assembler,1.00
motor vehicle engine inspector,1.00
motor vehicle engine tester,1.00
motor vehicle parts assembler,1.00
motor vehicle shop manager,1.00
motor vehicle upholsterer,1.00
motor vehicles parts advisor,1.00
motor vehicles specialised seller,1.00
motorcycle assembler,1.00
motorcycle delivery person,1.00
motorcycle instructor,1.00
moulding machine operator,1.00
moulding machine technician,1.00
mouldmaker,1.00
mountain guide,1.00
move coordinator,1.00
move manager,1.00
mover,1.00
movie distributor,1.00
moving truck driver,1.00
mud logger,1.00
museum director,1.00
museum scientist,1.00
music and video shop manager,1.00
music and video shop specialised seller,1.00
music arranger,1.00
music director,1.00
music instructor,1.00
music producer,1.00
music teacher,1.00
music teacher secondary school,1.00
music therapist,1.00
musical conductor,1.00
musical instrument technician,1.00
musician,1.00
mutual fund broker,1.00
nailing machine operator,1.00
nanny,1.00
nanoengineer,1.00
natural resources consultant,1.00
nature conservation officer,1.00
naval architect,1.00
navy officer,1.00
network marketer,1.00
news anchor,1.00
newspaper editor,1.00
night auditor,1.00
nitrator operator,1.00
nitroglycerin neutraliser,1.00
nitroglycerin separator operator,1.00
nondestructive testing specialist,1.00
nonvessel operating common carrier,1.00
nonwoven  textile technician,1.00
nonwoven filament machine operator,1.00
nonwoven staple machine operator,1.00
notary,1.00
nuclear engineer,1.00
nuclear medicine radiographer,1.00
nuclear reactor operator,1.00
nuclear technician,1.00
numerical tool and process control programmer,1.00
nurse assistant,1.00
nurse responsible for general care,1.00
nursery school head teacher,1.00
nursing lecturer,1.00
occupational analyst,1.00
occupational driving instructor,1.00
occupational health and safety inspector,1.00
occupational railway instructor,1.00
occupational therapist,1.00
occupational therapy assistant,1.00
oceanographer,1.00
odds compiler,1.00
oenologist,1.00
office clerk,1.00
office equipment repair technician,1.00
office manager,1.00
official veterinarian,1.00
offset printer,1.00
oil and gas production manager,1.00
oil mill operator,1.00
oil refinery control room operator,1.00
oil rig motorhand,1.00
oilseed presser,1.00
ombudsman,1.00
on foot aquatic resources collector,1.00
online community manager,1.00
online marketer,1.00
online sales channel manager,1.00
operations manager,1.00
optical disc moulding machine operator,1.00
optical engineer,1.00
optical instrument assembler,1.00
optical instrument production supervisor,1.00
optical instrument repairer,1.00
optical technician,1.00
optician,1.00
optoelectronic engineer,1.00
optoelectronic engineering technician,1.00
optomechanical engineer,1.00
optomechanical engineering technician,1.00
optometrist,1.00
ordinary seaman,1.00
organ builder,1.00
ornamental metal worker,1.00
orthopaedic footwear technician,1.00
orthopaedic supplies specialised seller,1.00
orthopaedic supply shop manager,1.00
orthoptist,1.00
osteopath,1.00
outdoor activities coordinator,1.00
outdoor activities instructor,1.00
outdoor animator,1.00
overhead line worker,1.00
oxy fuel burning machine operator,1.00
packaging and filling machine operator,1.00
packaging production manager,1.00
packing machinery engineer,1.00
paint mixer,1.00
palaeontologist,1.00
palliative care social worker,1.00
paper bag machine operator,1.00
paper cutter operator,1.00
paper embosing press operator,1.00
paper engineer,1.00
paper machine operator,1.00
paper mill supervisor,1.00
paper pulp moulding operator,1.00
paper stationery machine operator,1.00
paperboard products assembler,1.00
paperhanger,1.00
paperhanger supervisor,1.00
paramedic in emergency responses,1.00
park guide,1.00
parking valet,1.00
parliamentary assistant,1.00
passenger fare controller,1.00
passport officer,1.00
pasta maker,1.00
pasta operator,1.00
pastoral worker,1.00
pastry chef,1.00
pastry maker,1.00
patent engineer,1.00
patient transport services driver,1.00
pawnbroker,1.00
payroll clerk,1.00
pedicurist,1.00
pension scheme manager,1.00
pensions administrator,1.00
performance artist,1.00
performance hairdresser,1.00
performance production manager,1.00
performance rental technician,1.00
performing arts school dance instructor,1.00
performing arts theatre instructor,1.00
perfume and cosmetics distribution manager,1.00
perfume production machine operator,1.00
personal property appraiser,1.00
personal shopper,1.00
personal stylist,1.00
personal trainer,1.00
personal trust officer,1.00
pest management worker,1.00
pesticide mixer,1.00
pesticides sprayer,1.00
pet and pet food shop manager,1.00
pet and pet food specialised seller,1.00
pet sitter,1.00
petroleum engineer,1.00
petroleum pump system operator,1.00
pharmaceutical engineer,1.00
pharmaceutical goods distribution manager,1.00
pharmaceutical quality specialist,1.00
pharmacist,1.00
pharmacologist,1.00
pharmacy assistant,1.00
pharmacy lecturer,1.00
pharmacy technician,1.00
philosopher,1.00
philosophy lecturer,1.00
philosophy teacher secondary school,1.00
phlebotomist,1.00
photographer,1.00
photographic developer,1.00
photographic equipment assembler,1.00
photography shop manager,1.00
photography teacher,1.00
photojournalist,1.00
photonics engineer,1.00
photonics engineering technician,1.00
physical education teacher secondary school,1.00
physical education vocational teacher,1.00
physicist,1.00
physics lecturer,1.00
physics teacher secondary school,1.00
physics technician,1.00
physiologist,1.00
physiotherapist,1.00
physiotherapy assistant,1.00
piano maker,1.00
picture archiving and communication systems administrator,1.00
picture editor,1.00
pig breeder,1.00
pile driving hammer operator,1.00
pill maker operator,1.00
pipe welder,1.00
pipeline compliance coordinator,1.00
pipeline engineer,1.00
pipeline environmental project manager,1.00
pipeline maintenance worker,1.00
pipeline pump operator,1.00
pipeline route manager,1.00
pipelineA0superintendent,1.00
pizzaiolo,1.00
planer thicknesser operator,1.00
plasma cutting machine operator,1.00
plasterer,1.00
plastering supervisor,1.00
plastic and rubber products manufacturing supervisor,1.00
plastic furniture machine operator,1.00
plastic heat treatment equipment operator,1.00
plastic products assembler,1.00
plastic rolling machine operator,1.00
plate glass installer,1.00
plodder operator,1.00
plumber,1.00
plumbing supervisor,1.00
pneumatic engineering technician,1.00
pneumatic systems technician,1.00
podiatrist,1.00
podiatry assistant,1.00
police commissioner,1.00
police detective,1.00
police inspector,1.00
police officer,1.00
police trainer,1.00
policy manager,1.00
policy officer,1.00
political affairs officer,1.00
political campaign officer,1.00
political journalist,1.00
political party agent,1.00
political scientist,1.00
politics lecturer,1.00
polygraph examiner,1.00
porcelain painter,1.00
port coordinator,1.00
post office counter clerk,1.00
postmanpostwoman,1.00
postproduction supervisor,1.00
pottery and porcelain caster,1.00
poultry breeder,1.00
poultry sexer,1.00
power distribution engineer,1.00
power lines supervisor,1.00
power plant control room operator,1.00
power plant manager,1.00
power production plant operator,1.00
power tool repair technician,1.00
precast moulder,1.00
precious stone cutter,1.00
precious stone setter,1.00
precision device inspector,1.00
precision engineer,1.00
precision instrument assembler,1.00
precision mechanic,1.00
precision mechanics supervisor,1.00
prelasting operator,1.00
prepared meals nutritionist,1.00
prepared meat operator,1.00
prepress operator,1.00
prepress technician,1.00
presenter,1.00
press and stationery shop manager,1.00
press and stationery specialised seller,1.00
prestitching machine operator,1.00
pricing specialist,1.00
primary school head teacher,1.00
primary school teacher,1.00
primary school teaching assistant,1.00
print folding operator,1.00
print studio supervisor,1.00
printed circuit board assembler,1.00
printed circuit board designer,1.00
printed circuit board test technician,1.00
printing textile technician,1.00
printmaker,1.00
prison instructor,1.00
prison officer,1.00
private chauffeur,1.00
private chef,1.00
private detective,1.00
private pilot,1.00
probation officer,1.00
process engineer,-2.00
process engineering technician,1.00
process metallurgist,1.00
producer,1.00
product and services manager,1.00
product assembly inspector,1.00
product development engineering drafter,1.00
product development engineering technician,1.00
product development manager,1.00
product grader,1.00
product manager,1.00
product quality controller,1.00
product quality inspector,1.00
production designer,1.00
production engineer,1.00
production engineering technician,1.00
production plant crane operator,1.00
production potter,1.00
production supervisor,1.00
professional athlete,1.00
programme funding manager,1.00
programme manager,1.00
project manager,1.00
projectionist,1.00
promoter,1.00
promotion assistant,1.00
promotion manager,1.00
promotions demonstrator,1.00
prompter,1.00
proofreader,1.00
prop maker,1.00
prop masterprop mistress,1.00
property acquisitions manager,1.00
property appraiser,1.00
property assistant,1.00
property developer,1.00
property insurance underwriter,1.00
prosecutor,1.00
prostheticorthotics technician,1.00
prosthetistorthotist,1.00
protective clothing apparel manufacturer,1.00
provincial governor,1.00
psychic,1.00
psychologist,1.00
psychology lecturer,1.00
psychotherapist,1.00
public administration manager,1.00
public affairs consultant,1.00
public employment service manager,1.00
public finance accountant,1.00
public funding advisor,1.00
public health policy officer,1.00
public housing manager,1.00
public relations manager,1.00
public relations officer,1.00
public speaking coach,1.00
publications coordinator,1.00
publishing rights manager,1.00
pulp control operator,1.00
pulp grader,1.00
pulp technician,1.00
pultrusion machine operator,1.00
pump operator,1.00
punch press operator,1.00
puppet designer,1.00
puppeteer,1.00
purchase planner,1.00
purchaser,1.00
purchasing manager,1.00
pyrotechnic designer,1.00
pyrotechnician,1.00
quality engineer,1.00
quality engineering technician,1.00
quality services manager,1.00
quantity surveyor,1.00
quarry engineer,1.00
quarry manager,1.00
quick service restaurant crew member,1.00
quick service restaurant team leader,1.00
rE9pE9titeur,1.00
radiation protection officer,1.00
radiation protection technician,1.00
radio producer,1.00
radio technician,1.00
radiographer,1.00
rail construction supervisor,1.00
rail intermodal equipment operator,1.00
rail layer,1.00
rail logistics coordinator,1.00
rail maintenance technician,1.00
rail operations manager,1.00
rail project engineer,1.00
rail switchperson,1.00
rail traffic controller,1.00
railway car upholsterer,1.00
railway electronic technician,1.00
railway infrastructure inspector,1.00
railway passenger service agent,1.00
railway sales agent,1.00
railway station manager,1.00
raw material reception operator,1.00
raw materials warehouse specialist,1.00
real estate agent,1.00
real estate investor,1.00
real estate leasing manager,1.00
real estate manager,1.00
real estate surveyor,1.00
receptionist,1.00
record press operator,1.00
recording studio technician,1.00
recreation model maker,1.00
recreation policy officer,1.00
recreational facilities manager,1.00
recreational therapist,1.00
recruitment consultant,1.00
recycling specialist,1.00
recycling worker,1.00
refinery shift manager,1.00
refining machine operator,1.00
refurbishing technician,1.00
refuse collector,1.00
refuse vehicle driver,1.00
regional development policy officer,1.00
regulatory affairs manager,1.00
rehabilitation support worker,1.00
relationship banking manager,1.00
religion scientific researcher,1.00
religious education teacher secondary school,1.00
religious studies lecturer,1.00
relocation officer,1.00
remote sensing technician,1.00
renewable energy consultant,1.00
renewable energy engineer,1.00
renewable energy sales representative,1.00
rental manager,1.00
rental service representative,1.00
rental service representative in agricultural machinery and equipment,1.00
rental service representative in air transport equipment,1.00
rental service representative in cars and light motor vehicles,1.00
rental service representative in construction and civil engineering machinery,1.00
rental service representative in office machinery and equipment,1.00
rental service representative in other machinery equipment and tangible goods,1.00
rental service representative in personal and household goods,1.00
rental service representative in recreational and sports goods,1.00
rental service representative in trucks,1.00
rental service representative in video tapes and disks,1.00
rental service representative in water transport equipment,1.00
reprographics technician,1.00
rescue centre manager,1.00
rescue diver,1.00
research and development manager,1.00
research engineer,1.00
research manager,1.00
residential care home worker,1.00
residential childcare worker,1.00
residential home adult care worker,1.00
residential home older adult care worker,1.00
residential home young people care worker,1.00
resilient floor layer,1.00
resource manager,1.00
respiratory therapy technician,1.00
restaurant hostrestaurant hostess,1.00
restaurant manager,1.00
restoration technician,1.00
retail department manager,1.00
retail entrepreneur,1.00
ride technician,1.00
rigger,1.00
rigging supervisor,1.00
risk manager,1.00
riveter,1.00
road construction supervisor,1.00
road construction worker,1.00
road maintenance technician,1.00
road maintenance worker,1.00
road marker,1.00
road operations manager,1.00
road roller operator,1.00
road sign installer,1.00
road transport division manager,1.00
road transport maintenance scheduler,1.00
roadside vehicle technician,1.00
robotics engineer,1.00
robotics engineering technician,1.00
rolling stock assembler,1.00
rolling stock assembly inspector,1.00
rolling stock assembly supervisor,1.00
rolling stock electrician,1.00
rolling stock engine inspector,1.00
rolling stock engine tester,1.00
rolling stock engineer,1.00
rolling stock engineering drafter,1.00
rolling stock engineering technician,1.00
rolling stock inspector,1.00
roofer,1.00
roofing supervisor,1.00
room attendant,1.00
rooms division manager,1.00
rotating equipment engineer,1.00
rotating equipment mechanic,1.00
roughneck,1.00
roustabout,1.00
router operator,1.00
rubber cutting machine tender,1.00
rubber dipping machine operator,1.00
rubber goods assembler,1.00
rubber products machine operator,1.00
rustproofer,1.00
sailor,1.00
sales account manager,1.00
sales assistant,1.00
sales engineer,1.00
sales manager,1.00
sales processor,1.00
sales support assistant,1.00
satellite engineer,1.00
sauce production operator,1.00
sawmill operator,1.00
scanning operator,1.00
scenery technician,1.00
scenic painter,1.00
school bus attendant,1.00
science teacher secondary school,1.00
scientific laboratory technician,1.00
scopist,1.00
scrap metal operative,1.00
scraper operator,1.00
screen making technician,1.00
screen printer,1.00
screw machine operator,1.00
script supervisor,1.00
script writer,1.00
sculptor,1.00
search engine optimisation expert,1.00
second officer,1.00
secondary school department head,1.00
secondary school head teacher,1.00
secondary school teacher,1.00
secondary school teaching assistant,1.00
secondhand goods specialised seller,1.00
secondhand shop manager,1.00
secretary,1.00
secretary general,1.00
secretary of state,1.00
sectional belt mould assembler,1.00
securities analyst,1.00
securities broker,1.00
securities trader,1.00
securities underwriter,1.00
security alarm investigator,1.00
security alarm technician,1.00
security consultant,1.00
security guard,1.00
security guard supervisor,1.00
security manager,1.00
seismologist,1.00
semiconductor processor,1.00
senator,1.00
sensor engineer,1.00
sensor engineering technician,1.00
sensory scientist,1.00
septic tank servicer,1.00
sergeant,1.00
service manager,1.00
set builder,1.00
set buyer,1.00
set designer,1.00
sewer construction supervisor,1.00
sewer construction worker,1.00
sewerage cleaner,1.00
sewerage maintenance technician,1.00
sewerage network operative,1.00
sewerage systems manager,1.00
sewing machine operator,1.00
sewing machinist,1.00
sexual violence counsellor,1.00
sheep breeder,1.00
sheet metal worker,1.00
shelf filler,1.00
shepherd,1.00
shiatsu practitioner,1.00
ship assistant engineer,1.00
ship captain,1.00
ship duty engineer,1.00
ship pilot dispatcher,1.00
ship planner,1.00
ship stewardship stewardess,1.00
shipbroker,1.00
shipping agent,1.00
shipwright,1.00
shoe and leather accessories shop manager,1.00
shoe and leather accessories specialised seller,1.00
shoe repairer,1.00
shoemaker,1.00
shop assistant,1.00
shop manager,1.00
shop supervisor,1.00
shotfirer,1.00
shunter,1.00
sign language interpreter,1.00
sign language teacher,1.00
sign maker,1.00
silversmith,1.00
singer,1.00
ski instructor,1.00
skipper,1.00
slate mixer,1.00
slaughterer,1.00
slitter operator,1.00
snowboard instructor,1.00
snowclearing worker,1.00
soap chipper,1.00
soap drier operator,1.00
soap maker,1.00
soap tower operator,1.00
social care worker,1.00
social counsellor,1.00
social pedagogue,1.00
social security administrator,1.00
social security inspector,1.00
social security officer,1.00
social service consultant,1.00
social services manager,1.00
social services policy officer,1.00
social work assistant,1.00
social work lecturer,1.00
social work practice educator,1.00
social work researcher,1.00
social work supervisor,1.00
social worker,1.00
sociologist,1.00
sociology lecturer,1.00
software analyst,1.00
software architect,1.00
software developer,1.00
software manager,1.00
software tester,1.00
soil scientist,1.00
soil surveying technician,1.00
solar energy engineer,1.00
solar energy sales consultant,1.00
solar energy technician,1.00
solar power plant operator,1.00
solderer,1.00
sole and heel operator,1.00
solid waste operator,1.00
sommelier,1.00
sophrologist,1.00
sorter labourer,1.00
sound artist,1.00
sound designer,1.00
sound editor,1.00
sound operator,1.00
spa attendant,1.00
spa manager,1.00
space science lecturer,1.00
spark erosion machine operator,1.00
special educational needs assistant,1.00
special educational needs coordinator,1.00
special educational needs head teacher,1.00
special educational needs itinerant teacher,1.00
special educational needs teacher,1.00
special educational needs teacher primary school,1.00
special educational needs teacher secondary school,1.00
special effects artist,1.00
special forces officer,1.00
specialinterest groups official,1.00
specialised antique dealer,1.00
specialised doctor,1.00
specialised goods distribution manager,1.00
specialised outdoor animator,1.00
specialised seller,1.00
specialised veterinarian,1.00
specialist biomedical scientist,1.00
specialist chiropractor,1.00
specialist nurse,1.00
specialist pharmacist,1.00
speech and language therapist,1.00
speechwriter,1.00
spinning machine operator,1.00
spinning textile technician,1.00
spokesperson,1.00
sport administrator,1.00
sport facility manager,1.00
sport official,1.00
sport therapist,1.00
sporting accessories specialised seller,1.00
sporting and outdoor accessories shop manager,1.00
sports coach,1.00
sports equipment repair technician,1.00
sports instructor,1.00
sports journalist,1.00
sports programme coordinator,1.00
spot welder,1.00
spring maker,1.00
sprinkler fitter,1.00
squadron leader,1.00
stage director,1.00
stage machinist,1.00
stage manager,1.00
stage technician,1.00
stagehand,1.00
staircase installer,1.00
stamping press operator,1.00
standin,1.00
standup comedian,1.00
starch converting operator,1.00
starch extraction operator,1.00
statistical assistant,1.00
statistician,1.00
steam engineer,1.00
steam plant operator,1.00
steam turbine operator,1.00
steeplejack,1.00
sterile services technician,1.00
stevedore,1.00
stevedore superintendent,1.00
stewardstewardess,1.00
stock broker,1.00
stock trader,1.00
stone driller,1.00
stone engraver,1.00
stone planer,1.00
stone polisher,1.00
stone splitter,1.00
stonemason,1.00
stopmotion animator,1.00
store detective,1.00
storyboard artist,1.00
straightening machine operator,1.00
strategic planning manager,1.00
street artist,1.00
street food vendor,1.00
street lighting electrician,1.00
street performer,1.00
street sweeper,1.00
street warden,1.00
stringed musical instrument maker,1.00
structural ironwork supervisor,1.00
structural ironworker,1.00
student financial support coordinator,1.00
stunt performer,1.00
substance misuse worker,1.00
substation engineer,1.00
subtitler,1.00
sugar chocolate and sugar confectionery distribution manager,1.00
sugar refinery operator,1.00
supermarket manager,1.00
supply chain assistant,1.00
supply chain manager,1.00
supreme court judge,1.00
surface engineer,1.00
surface grinding machine operator,1.00
surface mine plant operator,1.00
surface miner,1.00
surface treatment operator,1.00
surfacemount technology machine operator,1.00
surgical instrument maker,1.00
survey enumerator,1.00
surveying technician,1.00
survival instructor,1.00
swaging machine operator,1.00
swimming facility attendant,1.00
swimming teacher,1.00
synthetic materials engineer,1.00
system configurator,1.00
table saw operator,1.00
tailor,1.00
talent agent,1.00
tanner,1.00
tanning consultant,1.00
tax advisor,1.00
tax clerk,1.00
tax compliance officer,1.00
tax inspector,1.00
tax policy analyst,1.00
taxi controller,1.00
taxi driver,1.00
taxidermist,1.00
teacher of talented and gifted students,1.00
technical communicator,1.00
technical director,1.00
technical sales representative,1.00
technical sales representative in agricultural machinery and equipment,1.00
technical sales representative in chemical products,1.00
technical sales representative in electronic and telecommunications equipment,1.00
technical sales representative in hardware plumbing and heating equipment,1.00
technical sales representative in machinery and industrial equipment,1.00
technical sales representative in mining and construction machinery,1.00
technical sales representative in office machinery and equipment,1.00
technical sales representative in the textile machinery industry,1.00
telecommunication equipment shop manager,1.00
telecommunications analyst,1.00
telecommunications engineer,1.00
telecommunications engineering technician,1.00
telecommunications equipment maintainer,1.00
telecommunications equipment specialised seller,1.00
telecommunications manager,1.00
telecommunications technician,1.00
telephone switchboard operator,1.00
tennis coach,1.00
tent installer,1.00
terrazzo setter,1.00
terrazzo setter supervisor,1.00
test engineer,1.00
textile chemical quality technician,1.00
textile chemist,1.00
textile colourist,1.00
textile designer,1.00
textile dyeing technician,1.00
textile dyer,1.00
textile finishing machine operator,1.00
textile industry machinery distribution manager,1.00
textile leather and footwear researcher,1.00
textile machine operator,1.00
textile machinery technician,1.00
textile operations manager,1.00
textile pattern making machine operator,1.00
textile printer,1.00
textile process controller,1.00
textile product developer,1.00
textile quality inspector,1.00
textile quality manager,1.00
textile quality technician,1.00
textile shop manager,1.00
textile sourcing merchandiser,1.00
textile specialised seller,1.00
textile technologist,1.00
textiles textile semifinished and raw materials distribution manager,1.00
thanatology researcher,1.00
theatre technician,1.00
therapeutic radiographer,1.00
thermal engineer,1.00
thread rolling machine operator,1.00
ticket issuing clerk,1.00
ticket sales agent,1.00
tile fitter,1.00
tiling supervisor,1.00
timber trader,1.00
tissue paper perforating and rewinding operator,1.00
title closer,1.00
tobacco products distribution manager,1.00
tobacco shop manager,1.00
tobacco specialised seller,1.00
toilet attendant,1.00
tool and die maker,1.00
tool grinder,1.00
tool pusher,1.00
tooling engineer,1.00
tote operator,1.00
tour operator representative,1.00
tour operators manager,1.00
tour organiser,1.00
tourism contract negotiator,1.00
tourism policy director,1.00
tourism product manager,1.00
tourist animator,1.00
tourist information centre manager,1.00
tourist information officer,1.00
tower crane operator,1.00
toxicologist,1.00
toymaker,1.00
toys  and games specialised seller,1.00
toys and games shop manager,1.00
tracer powder blender,1.00
trade development officer,1.00
trade regional manager,1.00
traditional chinese medicine therapist,1.00
train attendant,1.00
train cleaner,1.00
train conductor,1.00
train dispatcher,1.00
train driver,1.00
train preparer,1.00
tram controller,1.00
tram driver,1.00
translation agency manager,1.00
translator,1.00
transport engineer,1.00
transport equipment painter,1.00
transport health and safety inspector,1.00
transport planner,1.00
transport technology vocational teacher,1.00
travel agency manager,1.00
travel agent,1.00
travel and tourism vocational teacher,1.00
travel consultant,1.00
tree surgeon,1.00
trolley bus driver,1.00
truck driving instructor,1.00
tufting operator,1.00
tumbling machine operator,1.00
tunnel boring machine operator,1.00
tunnel kiln operator,1.00
tutor,1.00
twisting machine operator,1.00
typesetter,1.00
typist,1.00
tyre builder,1.00
tyre fitter,1.00
tyre vulcaniser,1.00
underground heavy equipment operator,1.00
underground miner,1.00
underwater construction supervisor,1.00
university department head,1.00
university literature lecturer,1.00
university research assistant,1.00
university teaching assistant,1.00
upholsterer,1.00
upsetting machine operator,1.00
urban planner,1.00
user experience analyst,1.00
user interface designer,1.00
user interface developer,1.00
usher,1.00
utilities inspector,1.00
vacuum forming machine operator,1.00
variety artist,1.00
varnish maker,1.00
vehicle cleaner,1.00
vehicle electronics installer,1.00
vehicle glazier,1.00
vehicle maintenance attendant,1.00
vehicle maintenance supervisor,1.00
vehicle rental agent,1.00
vehicle technician,1.00
vending machine operator,1.00
veneer grader,1.00
veneer slicer operator,1.00
venture capitalist,1.00
venue director,1.00
venue programmer,1.00
verger,1.00
vermouth manufacturer,1.00
vessel assembly inspector,1.00
vessel assembly supervisor,1.00
vessel engine assembler,1.00
vessel engine inspector,1.00
vessel engine tester,1.00
vessel operations coordinator,1.00
vessel steering instructor,1.00
veterinary medicine lecturer,1.00
veterinary nurse,1.00
veterinary receptionist,1.00
veterinary technician,1.00
victim support officer,1.00
video and motion picture director,1.00
video and motion picture editor,1.00
video and motion picture producer,1.00
video artist,1.00
video designer,1.00
video operator,1.00
video technician,1.00
vineyard cellar master,1.00
vineyard machinery operator,1.00
vineyard manager,1.00
vineyard supervisor,1.00
vineyard worker,1.00
violin maker,1.00
visual arts teacher,1.00
visual merchandiser,1.00
viticulture adviser,1.00
vlogger,1.00
vocational teacher,1.00
voiceover artist,1.00
waiterwaitress,1.00
waiting list coordinator,1.00
warehouse manager,1.00
warehouse operators for clothing,1.00
warehouse order picker,1.00
warehouse worker,1.00
warfare specialist,1.00
wash deinking operator,1.00
waste and scrap distribution manager,1.00
waste broker,1.00
waste management officer,1.00
waste management supervisor,1.00
waste treatment engineer,1.00
wastewater engineer,1.00
wastewater treatment operator,1.00
wastewater treatment technician,1.00
watch and clock repairer,1.00
watches and jewellery distribution manager,1.00
water conservation technician,1.00
water conservation technician supervisor,1.00
water engineer,1.00
water engineering technician,1.00
water jet cutter operator,1.00
water network operative,1.00
water plant technician,1.00
water quality analyst,1.00
water traffic coordinator,1.00
water treatment plant manager,1.00
water treatment systems operator,1.00
waterbased aquaculture technician,1.00
waterbased aquaculture worker,1.00
waterway construction labourer,1.00
wave soldering machine operator,1.00
wax bleacher,1.00
wearing apparel patternmaker,1.00
wearing apparel presser,1.00
weather forecaster,1.00
weaver,1.00
weaving machine operator,1.00
weaving machine supervisor,1.00
weaving textile technician,1.00
web content manager,1.00
webmaster,1.00
wedding planner,1.00
weight loss consultant,1.00
weights and measures inspector,1.00
welder,1.00
welding coordinator,1.00
welding engineer,1.00
welding inspector,1.00
welldigger,1.00
wholesale merchant,1.00
wholesale merchant in agricultural machinery and equipment,1.00
wholesale merchant in agricultural raw materials seeds and animal feeds,1.00
wholesale merchant in beverages,1.00
wholesale merchant in chemical products,1.00
wholesale merchant in china and other glassware,1.00
wholesale merchant in clothing and footwear,1.00
wholesale merchant in coffee tea cocoa and spices,1.00
wholesale merchant in computers computer peripheral equipment and software,1.00
wholesale merchant in dairy products and edible oils,1.00
wholesale merchant in electrical household appliances,1.00
wholesale merchant in electronic and telecommunications equipment and parts,1.00
wholesale merchant in fish crustaceans and molluscs,1.00
wholesale merchant in flowers and plants,1.00
wholesale merchant in fruit and vegetables,1.00
wholesale merchant in furniture carpets and lighting equipment,1.00
wholesale merchant in hardware plumbing and heating equipment and supplies,1.00
wholesale merchant in hides skins and leather products,1.00
wholesale merchant in household goods,1.00
wholesale merchant in live animals,1.00
wholesale merchant in machine tools,1.00
wholesale merchant in machinery industrial equipment ships and aircraft,1.00
wholesale merchant in meat and meat products,1.00
wholesale merchant in metals and metal ores,1.00
wholesale merchant in mining construction and civil engineering machinery,1.00
wholesale merchant in office furniture,1.00
wholesale merchant in office machinery and equipment,1.00
wholesale merchant in perfume and cosmetics,1.00
wholesale merchant in pharmaceutical goods,1.00
wholesale merchant in sugar chocolate and sugar confectionery,1.00
wholesale merchant in textile industry machinery,1.00
wholesale merchant in textiles and textile semifinished and raw materials,1.00
wholesale merchant in tobacco products,1.00
wholesale merchant in waste and scrap,1.00
wholesale merchant in watches and jewellery,1.00
wholesale merchant in wood and construction materials,1.00
wicker furniture maker,1.00
wig and hairpiece maker,1.00
wind energy engineer,1.00
wind musical instrument maker,1.00
wind turbine technician,1.00
winding machine operator,1.00
window cleaner,1.00
window installer,1.00
wine fermenter,1.00
wine sommelier,1.00
wire harness assembler,1.00
wire weaving machine operator,1.00
wood and construction materials distribution manager,1.00
wood assembly supervisor,1.00
wood boring machine operator,1.00
wood caulker,1.00
wood drying kiln operator,1.00
wood factory manager,1.00
wood fuel pelletiser,1.00
wood painter,1.00
wood pallet maker,1.00
wood production supervisor,1.00
wood products assembler,1.00
wood router operator,1.00
wood sander,1.00
wood technology engineer,1.00
wood treater,1.00
woodcarver,1.00
wooden furniture machine operator,1.00
woodturner,1.00
writer,1.00
yarn spinner,1.00
yeast distiller,1.00
youth centre manager,1.00
youth offending team worker,1.00
youth programme director,1.00
youth worker,1.00
zoo curator,1.00
zoo educator,1.00
zoo registrar,1.00
zoo section leader,1.00
zookeeper,1.00
zoology technician,1.00
